eventName,gender,age,location,bib,url
Individual Triathlon,,Age 17,"Brooklyn, NY",2,https://runsignup.com/Race/Results/131115/IndividualResult/gTcd?resultSetId=482363#U49161546
Individual Triathlon,,Age 22,"West Islip, NY",32,https://runsignup.com/Race/Results/131115/IndividualResult/gTcd?resultSetId=482363#U90899569
Individual Triathlon,,Age 46,"Huntington, NY",10,https://runsignup.com/Race/Results/131115/IndividualResult/gTcd?resultSetId=482363#U91017096
Individual Triathlon,,Age 28,"Shirley, NY",4,https://runsignup.com/Race/Results/131115/IndividualResult/gTcd?resultSetId=482363#U35791717
Individual Triathlon,,Age 57,"Florence, MA",446,https://runsignup.com/Race/Results/131115/IndividualResult/gTcd?resultSetId=482363#U3165437
Individual Triathlon,,Age 33,"Island park, NY",71,https://runsignup.com/Race/Results/131115/IndividualResult/gTcd?resultSetId=482363#U42964126
Individual Triathlon,,Age 32,"Northport, NY",5,https://runsignup.com/Race/Results/131115/IndividualResult/gTcd?resultSetId=482363#U16179842
Individual Triathlon,,Age 25,"Southampton, NY",401,https://runsignup.com/Race/Results/131115/IndividualResult/gTcd?resultSetId=482363#U78209145
Individual Triathlon,,Age 36,"Stamford, CT",411,https://runsignup.com/Race/Results/131115/IndividualResult/gTcd?resultSetId=482363#U91026659
error_not_found,error_not_found,error_not_found,error_not_found,error_not_found,https://runsignup.com/Race/Results/131115/IndividualResult/gTcd?resultSetId=482363#U30369438
Individual Triathlon,,Age 22,"Massapequa, NY",33,https://runsignup.com/Race/Results/131115/IndividualResult/gTcd?resultSetId=482363#U68950182
Individual Triathlon,,Age 30,"West Hempstead, NY",56,https://runsignup.com/Race/Results/131115/IndividualResult/gTcd?resultSetId=482363#U78288635
Individual Triathlon,,Age 59,"Wantagh, NY",6,https://runsignup.com/Race/Results/131115/IndividualResult/gTcd?resultSetId=482363#U23098504
Individual Triathlon,,Age 36,"Oyster Bay, NY",7,https://runsignup.com/Race/Results/131115/IndividualResult/gTcd?resultSetId=482363#U61488426
Individual Triathlon,,Age 45,"Syosset, NY",484,https://runsignup.com/Race/Results/131115/IndividualResult/gTcd?resultSetId=482363#U77323476
Individual Triathlon,,Age 32,"Syosset, NY",9,https://runsignup.com/Race/Results/131115/IndividualResult/gTcd?resultSetId=482363#U3160547
Individual Triathlon,,Age 53,"Jackson Heights, NY",441,https://runsignup.com/Race/Results/131115/IndividualResult/gTcd?resultSetId=482363#U40809089
Individual Triathlon,,Age 52,"Plainview, NY",164,https://runsignup.com/Race/Results/131115/IndividualResult/gTcd?resultSetId=482363#U38107145
Individual Triathlon,,Age 31,"Montauk, NY",12,https://runsignup.com/Race/Results/131115/IndividualResult/gTcd?resultSetId=482363#U90812082
Individual Triathlon,,Age 25,"New York, NY",39,https://runsignup.com/Race/Results/131115/IndividualResult/gTcd?resultSetId=482363#U65497622
Individual Triathlon,,Age 17,"Westbury, NY",249,https://runsignup.com/Race/Results/131115/IndividualResult/gTcd?resultSetId=482363#U64345286
Individual Triathlon,,Age 38,"Huntington, NY",97,https://runsignup.com/Race/Results/131115/IndividualResult/gTcd?resultSetId=482363#U12675492
Individual Triathlon,,Age 46,"Melville, NY",436,https://runsignup.com/Race/Results/131115/IndividualResult/gTcd?resultSetId=482363#U138881
Individual Triathlon,,Age 40,"Bohemia, NY",475,https://runsignup.com/Race/Results/131115/IndividualResult/gTcd?resultSetId=482363#U43738877
Individual Triathlon,,Age 30,"Chicago, IL",500,https://runsignup.com/Race/Results/131115/IndividualResult/gTcd?resultSetId=482363#U73774746
Individual Triathlon,,Age 45,"Larchmont, NY",435,https://runsignup.com/Race/Results/131115/IndividualResult/gTcd?resultSetId=482363#U6236173
Individual Triathlon,,Age 22,"Plainview, NY",34,https://runsignup.com/Race/Results/131115/IndividualResult/gTcd?resultSetId=482363#U51065575
Individual Triathlon,,Age 60,"Sound Beach, NY",201,https://runsignup.com/Race/Results/131115/IndividualResult/gTcd?resultSetId=482363#U9951922
Individual Triathlon,,Age 32,"Sayville, NY",408,https://runsignup.com/Race/Results/131115/IndividualResult/gTcd?resultSetId=482363#U76103605
Individual Triathlon,,Age 35,"Syosset, NY",73,https://runsignup.com/Race/Results/131115/IndividualResult/gTcd?resultSetId=482363#U49450383
Individual Triathlon,,Age 55,"East Rockaway, NY",180,https://runsignup.com/Race/Results/131115/IndividualResult/gTcd?resultSetId=482363#U45308261
Individual Triathlon,,Age 66,"Glen Head, NY",218,https://runsignup.com/Race/Results/131115/IndividualResult/gTcd?resultSetId=482363#U51269334
Individual Triathlon,,Age 44,"New Rochelle, NY",131,https://runsignup.com/Race/Results/131115/IndividualResult/gTcd?resultSetId=482363#U55979756
Individual Triathlon,,Age 41,"Great Neck, NY",110,https://runsignup.com/Race/Results/131115/IndividualResult/gTcd?resultSetId=482363#U50008483
Individual Triathlon,,Age 16,"East Islip, NY",23,https://runsignup.com/Race/Results/131115/IndividualResult/gTcd?resultSetId=482363#U16303349
Individual Triathlon,,Age 28,"Moriches, NY",45,https://runsignup.com/Race/Results/131115/IndividualResult/gTcd?resultSetId=482363#U34462330
Individual Triathlon,,Age 43,"Cold Spring Harbor, NY",123,https://runsignup.com/Race/Results/131115/IndividualResult/gTcd?resultSetId=482363#U50577750
Individual Triathlon,,Age 67,"Garden City park, NY",485,https://runsignup.com/Race/Results/131115/IndividualResult/gTcd?resultSetId=482363#U26350298
Individual Triathlon,,Age 31,"Northport, NY",59,https://runsignup.com/Race/Results/131115/IndividualResult/gTcd?resultSetId=482363#U70342329
Individual Triathlon,,Age 48,"Greenlawn, NY",468,https://runsignup.com/Race/Results/131115/IndividualResult/gTcd?resultSetId=482363#U19874780
Individual Triathlon,,Age 15,"Northport, NY",20,https://runsignup.com/Race/Results/131115/IndividualResult/gTcd?resultSetId=482363#U87128276
Individual Triathlon,,Age 52,"Commack, NY",440,https://runsignup.com/Race/Results/131115/IndividualResult/gTcd?resultSetId=482363#U78454851
Individual Triathlon,,Age 14,"Levittown, NY",384,https://runsignup.com/Race/Results/131115/IndividualResult/gTcd?resultSetId=482363#U50899695
Individual Triathlon,,Age 51,"Rye, NY",158,https://runsignup.com/Race/Results/131115/IndividualResult/gTcd?resultSetId=482363#U37797465
Individual Triathlon,,Age 44,"Huntington Station, NY",128,https://runsignup.com/Race/Results/131115/IndividualResult/gTcd?resultSetId=482363#U23094615
Individual Triathlon,,Age 25,"East Norwich, NY",251,https://runsignup.com/Race/Results/131115/IndividualResult/gTcd?resultSetId=482363#U91007211
Individual Triathlon,,Age 54,"Garden City, NY",167,https://runsignup.com/Race/Results/131115/IndividualResult/gTcd?resultSetId=482363#U15337425
Individual Triathlon,,Age 38,"Wantagh, NY",98,https://runsignup.com/Race/Results/131115/IndividualResult/gTcd?resultSetId=482363#U34787089
Individual Triathlon,,Age 56,"Manhasset, NY",183,https://runsignup.com/Race/Results/131115/IndividualResult/gTcd?resultSetId=482363#U9897881
Individual Triathlon,,Age 45,"Albertson, NY",134,https://runsignup.com/Race/Results/131115/IndividualResult/gTcd?resultSetId=482363#U19081888
Individual Triathlon,,Age 60,"New York, NY",202,https://runsignup.com/Race/Results/131115/IndividualResult/gTcd?resultSetId=482363#U87792214
Individual Triathlon,,Age 43,"Massapequa Park, NY",121,https://runsignup.com/Race/Results/131115/IndividualResult/gTcd?resultSetId=482363#U43389690
Individual Triathlon,,Age 36,"Manhasset, NY",87,https://runsignup.com/Race/Results/131115/IndividualResult/gTcd?resultSetId=482363#U54728957
Individual Triathlon,,Age 53,"Port Washington, NY",442,https://runsignup.com/Race/Results/131115/IndividualResult/gTcd?resultSetId=482363#U7294361
Individual Triathlon,,Age 29,"Huntington Station, NY",287,https://runsignup.com/Race/Results/131115/IndividualResult/gTcd?resultSetId=482363#U68317073
Individual Triathlon,,Age 55,"Tokyo, 13",175,https://runsignup.com/Race/Results/131115/IndividualResult/gTcd?resultSetId=482363#U38920908
Individual Triathlon,,Age 59,"New York, NY",447,https://runsignup.com/Race/Results/131115/IndividualResult/gTcd?resultSetId=482363#U48077856
Individual Triathlon,,Age 49,"Kings Park, NY",152,https://runsignup.com/Race/Results/131115/IndividualResult/gTcd?resultSetId=482363#U10447300
Individual Triathlon,,Age 35,"Sunnyside, NY",306,https://runsignup.com/Race/Results/131115/IndividualResult/gTcd?resultSetId=482363#U17853762
Individual Triathlon,,Age 33,"Bellmore, NY",64,https://runsignup.com/Race/Results/131115/IndividualResult/gTcd?resultSetId=482363#U84825215
Individual Triathlon,,Age 63,"Wantagh, NY",211,https://runsignup.com/Race/Results/131115/IndividualResult/gTcd?resultSetId=482363#U9897886
Individual Triathlon,,Age 48,"West Harrison, NY",144,https://runsignup.com/Race/Results/131115/IndividualResult/gTcd?resultSetId=482363#U3345488
Individual Triathlon,,Age 34,"New York, NY",74,https://runsignup.com/Race/Results/131115/IndividualResult/gTcd?resultSetId=482363#U88047250
Individual Triathlon,,Age 35,"Bethpage, NY",85,https://runsignup.com/Race/Results/131115/IndividualResult/gTcd?resultSetId=482363#U37947666
Individual Triathlon,,Age 36,"Stamford, CT",243,https://runsignup.com/Race/Results/131115/IndividualResult/gTcd?resultSetId=482363#U61238605
Individual Triathlon,,Age 17,"Glenwood Landing, NY",261,https://runsignup.com/Race/Results/131115/IndividualResult/gTcd?resultSetId=482363#U90930674
Individual Triathlon,,Age 51,"Northport, NY",154,https://runsignup.com/Race/Results/131115/IndividualResult/gTcd?resultSetId=482363#U14097511
Individual Triathlon,,Age 33,"South Burlington, VT",69,https://runsignup.com/Race/Results/131115/IndividualResult/gTcd?resultSetId=482363#U60480877
Individual Triathlon,,Age 65,"Plainview, NY",214,https://runsignup.com/Race/Results/131115/IndividualResult/gTcd?resultSetId=482363#U24240977
Individual Triathlon,,Age 38,"Great Neck, NY",315,https://runsignup.com/Race/Results/131115/IndividualResult/gTcd?resultSetId=482363#U50008482
Individual Triathlon,,Age 38,"Bethpage, NY",96,https://runsignup.com/Race/Results/131115/IndividualResult/gTcd?resultSetId=482363#U11225978
Individual Triathlon,,Age 46,"Rockville Centre, NY",136,https://runsignup.com/Race/Results/131115/IndividualResult/gTcd?resultSetId=482363#U41450345
Individual Triathlon,,Age 30,"Mineola, NY",60,https://runsignup.com/Race/Results/131115/IndividualResult/gTcd?resultSetId=482363#U82752806
Individual Triathlon,,Age 48,"Brooklyn, NY",492,https://runsignup.com/Race/Results/131115/IndividualResult/gTcd?resultSetId=482363#U17328006
Individual Triathlon,,Age 54,"Bronxville, NY",177,https://runsignup.com/Race/Results/131115/IndividualResult/gTcd?resultSetId=482363#U50786078
Individual Triathlon,,Age 60,"Westbury, NY",198,https://runsignup.com/Race/Results/131115/IndividualResult/gTcd?resultSetId=482363#U26717875
Individual Triathlon,,Age 61,"Syosset, NY",207,https://runsignup.com/Race/Results/131115/IndividualResult/gTcd?resultSetId=482363#U74671768
Individual Triathlon,,Age 26,"New Hyde Park, NY",386,https://runsignup.com/Race/Results/131115/IndividualResult/gTcd?resultSetId=482363#U47553367
Individual Triathlon,,Age 37,"Dobbs Ferry, NY",93,https://runsignup.com/Race/Results/131115/IndividualResult/gTcd?resultSetId=482363#U35499063
Individual Triathlon,,Age 38,"Forest Hills, NY",390,https://runsignup.com/Race/Results/131115/IndividualResult/gTcd?resultSetId=482363#U60781745
Individual Triathlon,,Age 53,"Bellmore, NY",168,https://runsignup.com/Race/Results/131115/IndividualResult/gTcd?resultSetId=482363#U77037215
Individual Triathlon,,Age 17,"Long Beach, NY",481,https://runsignup.com/Race/Results/131115/IndividualResult/gTcd?resultSetId=482363#U91072100
Individual Triathlon,,Age 38,"Northport, NY",99,https://runsignup.com/Race/Results/131115/IndividualResult/gTcd?resultSetId=482363#U83110157
Individual Triathlon,,Age 33,"Great Neck, NY",294,https://runsignup.com/Race/Results/131115/IndividualResult/gTcd?resultSetId=482363#U28572172
Individual Triathlon,,Age 65,"Roslyn Heights, NY",220,https://runsignup.com/Race/Results/131115/IndividualResult/gTcd?resultSetId=482363#U17729161
Individual Triathlon,,Age 53,"Huntington, NY",173,https://runsignup.com/Race/Results/131115/IndividualResult/gTcd?resultSetId=482363#U68609233
Individual Triathlon,,Age 26,"Ridgewood, NJ",274,https://runsignup.com/Race/Results/131115/IndividualResult/gTcd?resultSetId=482363#U82352544
Individual Triathlon,,Age 46,"Bay Shore, NY",335,https://runsignup.com/Race/Results/131115/IndividualResult/gTcd?resultSetId=482363#U28692123
Individual Triathlon,,Age 54,"Oyster Bay, NY",174,https://runsignup.com/Race/Results/131115/IndividualResult/gTcd?resultSetId=482363#U17071712
Individual Triathlon,,Age 19,"Ardsleyey, NY",27,https://runsignup.com/Race/Results/131115/IndividualResult/gTcd?resultSetId=482363#U90834345
Individual Triathlon,,Age 27,"Syracuse, NY",278,https://runsignup.com/Race/Results/131115/IndividualResult/gTcd?resultSetId=482363#U53045455
Individual Triathlon,,Age 59,"Sea Cliff, NY",360,https://runsignup.com/Race/Results/131115/IndividualResult/gTcd?resultSetId=482363#U7007809
Individual Triathlon,,Age 37,"Oakdale, NY",94,https://runsignup.com/Race/Results/131115/IndividualResult/gTcd?resultSetId=482363#U86008534
Individual Triathlon,,Age 47,"Huntington, NY",140,https://runsignup.com/Race/Results/131115/IndividualResult/gTcd?resultSetId=482363#U90845789
Individual Triathlon,,Age 37,"Astoria, NY",310,https://runsignup.com/Race/Results/131115/IndividualResult/gTcd?resultSetId=482363#U16241657
Individual Triathlon,,Age 70,"Rhinebeck, NY",227,https://runsignup.com/Race/Results/131115/IndividualResult/gTcd?resultSetId=482363#U89132735
Individual Triathlon,,Age 35,"Islip Terrace, NY",83,https://runsignup.com/Race/Results/131115/IndividualResult/gTcd?resultSetId=482363#U30025242
Individual Triathlon,,Age 14,"Oyster Bay, NY",18,https://runsignup.com/Race/Results/131115/IndividualResult/gTcd?resultSetId=482363#U90832481
Individual Triathlon,,Age 17,"Lynbrook, NY",21,https://runsignup.com/Race/Results/131115/IndividualResult/gTcd?resultSetId=482363#U52391502
Individual Triathlon,,Age 68,"Melville, NY",374,https://runsignup.com/Race/Results/131115/IndividualResult/gTcd?resultSetId=482363#U12899400
Individual Triathlon,,Age 42,"Merrick, NY",116,https://runsignup.com/Race/Results/131115/IndividualResult/gTcd?resultSetId=482363#U20287737
Individual Triathlon,,Age 57,"Chanhassen, MN",466,https://runsignup.com/Race/Results/131115/IndividualResult/gTcd?resultSetId=482363#U38080569
Individual Triathlon,,Age 34,"Long Island City, NY",302,https://runsignup.com/Race/Results/131115/IndividualResult/gTcd?resultSetId=482363#U9575582
Individual Triathlon,,Age 20,"Oyster Bay, NY",29,https://runsignup.com/Race/Results/131115/IndividualResult/gTcd?resultSetId=482363#U84730698
Individual Triathlon,,Age 70,"Bayside, NY",499,https://runsignup.com/Race/Results/131115/IndividualResult/gTcd?resultSetId=482363#U14835135
Individual Triathlon,,Age 53,"Melville, NY",351,https://runsignup.com/Race/Results/131115/IndividualResult/gTcd?resultSetId=482363#U11538322
Individual Triathlon,,Age 31,"Bay Shore, NY",62,https://runsignup.com/Race/Results/131115/IndividualResult/gTcd?resultSetId=482363#U83021769
Individual Triathlon,,Age 14,"South Setauket, NY",17,https://runsignup.com/Race/Results/131115/IndividualResult/gTcd?resultSetId=482363#U52629463
Individual Triathlon,,Age 31,"Brooklyn, NY",61,https://runsignup.com/Race/Results/131115/IndividualResult/gTcd?resultSetId=482363#U84237527
Individual Triathlon,,Age 32,"New York, NY",298,https://runsignup.com/Race/Results/131115/IndividualResult/gTcd?resultSetId=482363#U9915217
Individual Triathlon,,Age 59,"Norwalk, CT",448,https://runsignup.com/Race/Results/131115/IndividualResult/gTcd?resultSetId=482363#U38490630
Individual Triathlon,,Age 71,"Amityville, NY",233,https://runsignup.com/Race/Results/131115/IndividualResult/gTcd?resultSetId=482363#U17210303
Individual Triathlon,,Age 55,"East Northport, NY",181,https://runsignup.com/Race/Results/131115/IndividualResult/gTcd?resultSetId=482363#U34422645
Individual Triathlon,,Age 24,"Washington, DC",471,https://runsignup.com/Race/Results/131115/IndividualResult/gTcd?resultSetId=482363#U62588649
Individual Triathlon,,Age 30,"New York, NY",288,https://runsignup.com/Race/Results/131115/IndividualResult/gTcd?resultSetId=482363#U85126997
Individual Triathlon,,Age 55,"Whitestone, NY",182,https://runsignup.com/Race/Results/131115/IndividualResult/gTcd?resultSetId=482363#U35344552
Individual Triathlon,,Age 47,"Woodbury, NY",340,https://runsignup.com/Race/Results/131115/IndividualResult/gTcd?resultSetId=482363#U21595768
Individual Triathlon,,Age 60,"Northport, NY",197,https://runsignup.com/Race/Results/131115/IndividualResult/gTcd?resultSetId=482363#U45304896
Individual Triathlon,,Age 45,"Islip Terrace, NY",434,https://runsignup.com/Race/Results/131115/IndividualResult/gTcd?resultSetId=482363#U16308751
Individual Triathlon,,Age 35,"Jericho, NY",86,https://runsignup.com/Race/Results/131115/IndividualResult/gTcd?resultSetId=482363#U50654212
Individual Triathlon,,Age 47,"Brooklyn, NY",138,https://runsignup.com/Race/Results/131115/IndividualResult/gTcd?resultSetId=482363#U20039532
Individual Triathlon,,Age 57,"Melville, NY",397,https://runsignup.com/Race/Results/131115/IndividualResult/gTcd?resultSetId=482363#U37068806
Individual Triathlon,,Age 52,"Hollis, NY",495,https://runsignup.com/Race/Results/131115/IndividualResult/gTcd?resultSetId=482363#U71218679
Individual Triathlon,,Age 64,,452,https://runsignup.com/Race/Results/131115/IndividualResult/gTcd?resultSetId=482363#U29559676
Individual Triathlon,,Age 70,"East Meadow, NY",232,https://runsignup.com/Race/Results/131115/IndividualResult/gTcd?resultSetId=482363#U18375742
Individual Triathlon,,Age 28,"Hoboken, NJ",281,https://runsignup.com/Race/Results/131115/IndividualResult/gTcd?resultSetId=482363#U90903850
Individual Triathlon,,Age 37,"Rockville Centre, NY",92,https://runsignup.com/Race/Results/131115/IndividualResult/gTcd?resultSetId=482363#U87725811
Individual Triathlon,,Age 34,"Smithtown, NY",409,https://runsignup.com/Race/Results/131115/IndividualResult/gTcd?resultSetId=482363#U89738235
Individual Triathlon,,Age 43,"Farmingdale, NY",327,https://runsignup.com/Race/Results/131115/IndividualResult/gTcd?resultSetId=482363#U20497979
Individual Triathlon,,Age 39,"Plainview, NY",318,https://runsignup.com/Race/Results/131115/IndividualResult/gTcd?resultSetId=482363#U31038966
Individual Triathlon,,Age 38,"Bellmore, NY",412,https://runsignup.com/Race/Results/131115/IndividualResult/gTcd?resultSetId=482363#U16187304
Individual Triathlon,,Age 28,"Shoreham, NY",53,https://runsignup.com/Race/Results/131115/IndividualResult/gTcd?resultSetId=482363#U33939276
Individual Triathlon,,Age 26,"New York, NY",41,https://runsignup.com/Race/Results/131115/IndividualResult/gTcd?resultSetId=482363#U89376812
Individual Triathlon,,Age 39,"Vestal, NY",102,https://runsignup.com/Race/Results/131115/IndividualResult/gTcd?resultSetId=482363#U83331945
Individual Triathlon,,Age 61,"Locust Valley, NY",477,https://runsignup.com/Race/Results/131115/IndividualResult/gTcd?resultSetId=482363#U17747527
Individual Triathlon,,Age 45,"Baldwin, NY",129,https://runsignup.com/Race/Results/131115/IndividualResult/gTcd?resultSetId=482363#U30498423
Individual Triathlon,,Age 28,"Mastic Beach, NY",285,https://runsignup.com/Race/Results/131115/IndividualResult/gTcd?resultSetId=482363#U20894963
Individual Triathlon,,Age 27,"Plainview, NY",276,https://runsignup.com/Race/Results/131115/IndividualResult/gTcd?resultSetId=482363#U49496963
Individual Triathlon,,Age 67,"Huntington, NY",223,https://runsignup.com/Race/Results/131115/IndividualResult/gTcd?resultSetId=482363#U10668209
Individual Triathlon,,Age 36,"Bronx, NY",90,https://runsignup.com/Race/Results/131115/IndividualResult/gTcd?resultSetId=482363#U42646218
Individual Triathlon,,,,497,https://runsignup.com/Race/Results/131115/IndividualResult/gTcd?resultSetId=482363#U91163947
Individual Triathlon,,Age 66,"Northport, NY",224,https://runsignup.com/Race/Results/131115/IndividualResult/gTcd?resultSetId=482363#U3726734
Individual Triathlon,,Age 26,"Babylon, NY",40,https://runsignup.com/Race/Results/131115/IndividualResult/gTcd?resultSetId=482363#U79611280
Individual Triathlon,,Age 42,"Stamford, CT",117,https://runsignup.com/Race/Results/131115/IndividualResult/gTcd?resultSetId=482363#U18989504
Individual Triathlon,,Age 27,"New York, NY",275,https://runsignup.com/Race/Results/131115/IndividualResult/gTcd?resultSetId=482363#U54795313
Individual Triathlon,,Age 23,"Massapequa Park, NY",35,https://runsignup.com/Race/Results/131115/IndividualResult/gTcd?resultSetId=482363#U90752691
Individual Triathlon,,Age 53,"Deer Park, NY",169,https://runsignup.com/Race/Results/131115/IndividualResult/gTcd?resultSetId=482363#U14511265
Individual Triathlon,,Age 61,"Massapequa Park, NY",368,https://runsignup.com/Race/Results/131115/IndividualResult/gTcd?resultSetId=482363#U16182480
Individual Triathlon,,Age 45,"Great Neck, NY",391,https://runsignup.com/Race/Results/131115/IndividualResult/gTcd?resultSetId=482363#U14400035
Individual Triathlon,,Age 34,"Oyster Bay, NY",410,https://runsignup.com/Race/Results/131115/IndividualResult/gTcd?resultSetId=482363#U91006136
Individual Triathlon,,Age 59,"Woodside, NY",498,https://runsignup.com/Race/Results/131115/IndividualResult/gTcd?resultSetId=482363#U48005346
Individual Triathlon,,Age 40,"Wantagh, NY",455,https://runsignup.com/Race/Results/131115/IndividualResult/gTcd?resultSetId=482363#U22285667
Individual Triathlon,,Age 43,"Massapequa Park, NY",326,https://runsignup.com/Race/Results/131115/IndividualResult/gTcd?resultSetId=482363#U43389689
Individual Triathlon,,Age 21,"Jericho, NY",31,https://runsignup.com/Race/Results/131115/IndividualResult/gTcd?resultSetId=482363#U90377210
Individual Triathlon,,Age 35,"Babylon, NY",75,https://runsignup.com/Race/Results/131115/IndividualResult/gTcd?resultSetId=482363#U68509924
Individual Triathlon,,Age 39,"Central Islip, NY",239,https://runsignup.com/Race/Results/131115/IndividualResult/gTcd?resultSetId=482363#U54791440
Individual Triathlon,,Age 62,"Mamaroneck, NY",203,https://runsignup.com/Race/Results/131115/IndividualResult/gTcd?resultSetId=482363#U186483
Individual Triathlon,,Age 42,"Glen Cove, NY",119,https://runsignup.com/Race/Results/131115/IndividualResult/gTcd?resultSetId=482363#U16663839
Individual Triathlon,,Age 34,"Massapequa, NY",389,https://runsignup.com/Race/Results/131115/IndividualResult/gTcd?resultSetId=482363#U77307249
Individual Triathlon,,Age 50,"Jericho, NY",149,https://runsignup.com/Race/Results/131115/IndividualResult/gTcd?resultSetId=482363#U90377211
Individual Triathlon,,Age 34,"North Babylon, NY",301,https://runsignup.com/Race/Results/131115/IndividualResult/gTcd?resultSetId=482363#U90869504
Individual Triathlon,,Age 41,"Huntington, NY",324,https://runsignup.com/Race/Results/131115/IndividualResult/gTcd?resultSetId=482363#U47001815
Individual Triathlon,,Age 36,"Bethpage, NY",473,https://runsignup.com/Race/Results/131115/IndividualResult/gTcd?resultSetId=482363#U91068138
Individual Triathlon,,Age 35,"East Meadow, NY",79,https://runsignup.com/Race/Results/131115/IndividualResult/gTcd?resultSetId=482363#U68594245
Individual Triathlon,,Age 26,"Plainview, NY",43,https://runsignup.com/Race/Results/131115/IndividualResult/gTcd?resultSetId=482363#U88594992
Individual Triathlon,,Age 44,"Bethpage, NY",333,https://runsignup.com/Race/Results/131115/IndividualResult/gTcd?resultSetId=482363#U49637604
Individual Triathlon,,Age 58,"Farmingdale, NY",188,https://runsignup.com/Race/Results/131115/IndividualResult/gTcd?resultSetId=482363#U52314713
Individual Triathlon,,Age 72,"Holtsville, NY",235,https://runsignup.com/Race/Results/131115/IndividualResult/gTcd?resultSetId=482363#U12569249
Individual Triathlon,,Age 42,"Huntington Station, NY",431,https://runsignup.com/Race/Results/131115/IndividualResult/gTcd?resultSetId=482363#U91026341
Individual Triathlon,,Age 69,"Syosset, NY",228,https://runsignup.com/Race/Results/131115/IndividualResult/gTcd?resultSetId=482363#U3160548
Individual Triathlon,,Age 56,"Sea Cliff, NY",186,https://runsignup.com/Race/Results/131115/IndividualResult/gTcd?resultSetId=482363#U11390575
Individual Triathlon,,Age 20,"Oyster Bay, NY",30,https://runsignup.com/Race/Results/131115/IndividualResult/gTcd?resultSetId=482363#U20165494
Individual Triathlon,,Age 55,"Boulder, CO",176,https://runsignup.com/Race/Results/131115/IndividualResult/gTcd?resultSetId=482363#U19644933
Individual Triathlon,,Age 57,"Wantagh, NY",189,https://runsignup.com/Race/Results/131115/IndividualResult/gTcd?resultSetId=482363#U20018029
Individual Triathlon,,Age 44,"Farmingdale, NY",122,https://runsignup.com/Race/Results/131115/IndividualResult/gTcd?resultSetId=482363#U20497978
Individual Triathlon,,Age 36,"Centereach, NY",309,https://runsignup.com/Race/Results/131115/IndividualResult/gTcd?resultSetId=482363#U77330688
Individual Triathlon,,Age 44,"Farmingdale, NY",126,https://runsignup.com/Race/Results/131115/IndividualResult/gTcd?resultSetId=482363#U23947342
Individual Triathlon,,Age 44,"Smithtown, NY",332,https://runsignup.com/Race/Results/131115/IndividualResult/gTcd?resultSetId=482363#U15272523
Individual Triathlon,,Age 42,"Stamford, CT",118,https://runsignup.com/Race/Results/131115/IndividualResult/gTcd?resultSetId=482363#U45682787
Individual Triathlon,,Age 29,"Baldwin, NY",54,https://runsignup.com/Race/Results/131115/IndividualResult/gTcd?resultSetId=482363#U56364012
Individual Triathlon,,Age 62,"Bayville, NY",210,https://runsignup.com/Race/Results/131115/IndividualResult/gTcd?resultSetId=482363#U48065047
Individual Triathlon,,Age 42,"Brooklyn, NY",329,https://runsignup.com/Race/Results/131115/IndividualResult/gTcd?resultSetId=482363#U22130400
Individual Triathlon,,Age 35,"Melville, NY",307,https://runsignup.com/Race/Results/131115/IndividualResult/gTcd?resultSetId=482363#U82987452
Individual Triathlon,,Age 55,"Melville, NY",445,https://runsignup.com/Race/Results/131115/IndividualResult/gTcd?resultSetId=482363#U19033142
Individual Triathlon,,Age 28,"New York, NY",55,https://runsignup.com/Race/Results/131115/IndividualResult/gTcd?resultSetId=482363#U87793576
Individual Triathlon,,Age 34,"Albany, NY",304,https://runsignup.com/Race/Results/131115/IndividualResult/gTcd?resultSetId=482363#U8645044
Individual Triathlon,,Age 51,"Massapequa, NY",345,https://runsignup.com/Race/Results/131115/IndividualResult/gTcd?resultSetId=482363#U13504928
Individual Triathlon,,Age 14,"East Setauket, NY",256,https://runsignup.com/Race/Results/131115/IndividualResult/gTcd?resultSetId=482363#U76638010
Individual Triathlon,,Age 46,"Commack, NY",241,https://runsignup.com/Race/Results/131115/IndividualResult/gTcd?resultSetId=482363#U85150845
Individual Triathlon,,Age 25,"Westbury, NY",271,https://runsignup.com/Race/Results/131115/IndividualResult/gTcd?resultSetId=482363#U56640074
Individual Triathlon,,Age 33,"Whitestone, NY",476,https://runsignup.com/Race/Results/131115/IndividualResult/gTcd?resultSetId=482363#U90852165
Individual Triathlon,,Age 62,"Port Washington, NY",478,https://runsignup.com/Race/Results/131115/IndividualResult/gTcd?resultSetId=482363#U16620161
Individual Triathlon,,Age 58,"Syosset, NY",192,https://runsignup.com/Race/Results/131115/IndividualResult/gTcd?resultSetId=482363#U61200692
Individual Triathlon,,Age 44,"Douglaston, NY",467,https://runsignup.com/Race/Results/131115/IndividualResult/gTcd?resultSetId=482363#U85190879
Individual Triathlon,,Age 41,"Massapequa, NY",111,https://runsignup.com/Race/Results/131115/IndividualResult/gTcd?resultSetId=482363#U86998321
Individual Triathlon,,Age 24,"Scranton, PA",267,https://runsignup.com/Race/Results/131115/IndividualResult/gTcd?resultSetId=482363#U46856128
Individual Triathlon,,Age 56,"Syosset, NY",184,https://runsignup.com/Race/Results/131115/IndividualResult/gTcd?resultSetId=482363#U38374462
Individual Triathlon,,Age 38,"Islip Terrace, NY",316,https://runsignup.com/Race/Results/131115/IndividualResult/gTcd?resultSetId=482363#U17915663
Individual Triathlon,,Age 25,"Jersey City, NJ",252,https://runsignup.com/Race/Results/131115/IndividualResult/gTcd?resultSetId=482363#U91001360
Individual Triathlon,,Age 55,"Glen Head, NY",250,https://runsignup.com/Race/Results/131115/IndividualResult/gTcd?resultSetId=482363#U37911546
Individual Triathlon,,Age 23,"Huntington, NY",36,https://runsignup.com/Race/Results/131115/IndividualResult/gTcd?resultSetId=482363#U90573826
Individual Triathlon,,Age 48,"Northport, NY",341,https://runsignup.com/Race/Results/131115/IndividualResult/gTcd?resultSetId=482363#U70337388
Individual Triathlon,,Age 47,"Cranford, NJ",339,https://runsignup.com/Race/Results/131115/IndividualResult/gTcd?resultSetId=482363#U38381339
Individual Triathlon,,Age 30,"Farmingdale, NY",290,https://runsignup.com/Race/Results/131115/IndividualResult/gTcd?resultSetId=482363#U16419700
Individual Triathlon,,Age 59,"Huntington, NY",490,https://runsignup.com/Race/Results/131115/IndividualResult/gTcd?resultSetId=482363#U52095349
Individual Triathlon,,Age 48,"Bellmore, NY",147,https://runsignup.com/Race/Results/131115/IndividualResult/gTcd?resultSetId=482363#U61703215
Individual Triathlon,,Age 15,"Media, PA",255,https://runsignup.com/Race/Results/131115/IndividualResult/gTcd?resultSetId=482363#U8831603
Individual Triathlon,,Age 19,"Manhasset, NY",28,https://runsignup.com/Race/Results/131115/IndividualResult/gTcd?resultSetId=482363#U90834343
Individual Triathlon,,Age 42,"Westbury, NY",433,https://runsignup.com/Race/Results/131115/IndividualResult/gTcd?resultSetId=482363#U14848657
Individual Triathlon,,Age 40,"Brooklyn, NY",323,https://runsignup.com/Race/Results/131115/IndividualResult/gTcd?resultSetId=482363#U87135978
Individual Triathlon,,Age 43,"Ridgefield, CT",124,https://runsignup.com/Race/Results/131115/IndividualResult/gTcd?resultSetId=482363#U76996501
Individual Triathlon,,Age 46,"Syosset, NY",487,https://runsignup.com/Race/Results/131115/IndividualResult/gTcd?resultSetId=482363#U12565908
Individual Triathlon,,Age 41,"Long Beach, NY",107,https://runsignup.com/Race/Results/131115/IndividualResult/gTcd?resultSetId=482363#U68644720
Individual Triathlon,,Age 28,"Rockville Centre, NY",388,https://runsignup.com/Race/Results/131115/IndividualResult/gTcd?resultSetId=482363#U28186778
Individual Triathlon,,Age 32,"Brooklyn, NY",296,https://runsignup.com/Race/Results/131115/IndividualResult/gTcd?resultSetId=482363#U89337509
Individual Triathlon,,Age 28,"Yorktown Heights, NY",283,https://runsignup.com/Race/Results/131115/IndividualResult/gTcd?resultSetId=482363#U73672187
Individual Triathlon,,Age 57,"New York, NY",396,https://runsignup.com/Race/Results/131115/IndividualResult/gTcd?resultSetId=482363#U23436980
Individual Triathlon,,Age 61,"North Babylon, NY",204,https://runsignup.com/Race/Results/131115/IndividualResult/gTcd?resultSetId=482363#U90108027
Individual Triathlon,,Age 30,"Long Beach, NY",286,https://runsignup.com/Race/Results/131115/IndividualResult/gTcd?resultSetId=482363#U34356432
Individual Triathlon,,Age 57,"Hicksville, NY",480,https://runsignup.com/Race/Results/131115/IndividualResult/gTcd?resultSetId=482363#U58154114
Individual Triathlon,,Age 27,"New York, NY",279,https://runsignup.com/Race/Results/131115/IndividualResult/gTcd?resultSetId=482363#U70299941
Individual Triathlon,,Age 59,"Great Neck, NY",362,https://runsignup.com/Race/Results/131115/IndividualResult/gTcd?resultSetId=482363#U17787875
Individual Triathlon,,Age 34,"South Orange, NJ",78,https://runsignup.com/Race/Results/131115/IndividualResult/gTcd?resultSetId=482363#U19454194
Individual Triathlon,,Age 41,"Brooklyn, NY",320,https://runsignup.com/Race/Results/131115/IndividualResult/gTcd?resultSetId=482363#U20039533
Individual Triathlon,,Age 29,"Wading River, NY",57,https://runsignup.com/Race/Results/131115/IndividualResult/gTcd?resultSetId=482363#U84730173
Individual Triathlon,,Age 63,"Bay Shore, NY",369,https://runsignup.com/Race/Results/131115/IndividualResult/gTcd?resultSetId=482363#U10658884
Individual Triathlon,,Age 47,"Dix Hills, NY",139,https://runsignup.com/Race/Results/131115/IndividualResult/gTcd?resultSetId=482363#U85161201
Individual Triathlon,,Age 46,"Floral Park, NY",133,https://runsignup.com/Race/Results/131115/IndividualResult/gTcd?resultSetId=482363#U24349605
Individual Triathlon,,Age 33,"Miami, FL",295,https://runsignup.com/Race/Results/131115/IndividualResult/gTcd?resultSetId=482363#U90500203
Individual Triathlon,,Age 23,"Smithtown, NY",38,https://runsignup.com/Race/Results/131115/IndividualResult/gTcd?resultSetId=482363#U88503287
Individual Triathlon,,Age 65,"Oyster Bay, NY",470,https://runsignup.com/Race/Results/131115/IndividualResult/gTcd?resultSetId=482363#U15275768
Individual Triathlon,,Age 46,"Bellmore, NY",338,https://runsignup.com/Race/Results/131115/IndividualResult/gTcd?resultSetId=482363#U16771088
Individual Triathlon,,Age 55,"Bayville, NY",179,https://runsignup.com/Race/Results/131115/IndividualResult/gTcd?resultSetId=482363#U37919334
Individual Triathlon,,Age 36,"Gambrills, MD",88,https://runsignup.com/Race/Results/131115/IndividualResult/gTcd?resultSetId=482363#U87593726
Individual Triathlon,,Age 25,"Farmingdale, NY",402,https://runsignup.com/Race/Results/131115/IndividualResult/gTcd?resultSetId=482363#U90995131
Individual Triathlon,,Age 40,"Wantagh, NY",103,https://runsignup.com/Race/Results/131115/IndividualResult/gTcd?resultSetId=482363#U29232873
Individual Triathlon,,Age 28,"Bronx, NY",405,https://runsignup.com/Race/Results/131115/IndividualResult/gTcd?resultSetId=482363#U53153058
Individual Triathlon,,Age 24,,270,https://runsignup.com/Race/Results/131115/IndividualResult/gTcd?resultSetId=482363#U57583511
Individual Triathlon,,Age 27,"Oyster Bay, NY",403,https://runsignup.com/Race/Results/131115/IndividualResult/gTcd?resultSetId=482363#U42620021
Individual Triathlon,,Age 16,"Middle Island, NY",385,https://runsignup.com/Race/Results/131115/IndividualResult/gTcd?resultSetId=482363#U85468051
Individual Triathlon,,Age 28,"Morristown, NJ",406,https://runsignup.com/Race/Results/131115/IndividualResult/gTcd?resultSetId=482363#U63482297
Individual Triathlon,,Age 54,"Centerport, NY",352,https://runsignup.com/Race/Results/131115/IndividualResult/gTcd?resultSetId=482363#U23766807
Individual Triathlon,,Age 31,"Levittown, NY",244,https://runsignup.com/Race/Results/131115/IndividualResult/gTcd?resultSetId=482363#U77212509
Individual Triathlon,,Age 55,"Syosset, NY",444,https://runsignup.com/Race/Results/131115/IndividualResult/gTcd?resultSetId=482363#U91017857
Individual Triathlon,,Age 24,"West Islip, NY",269,https://runsignup.com/Race/Results/131115/IndividualResult/gTcd?resultSetId=482363#U90899568
Individual Triathlon,,Age 30,"East Setauket, NY",289,https://runsignup.com/Race/Results/131115/IndividualResult/gTcd?resultSetId=482363#U88802904
Individual Triathlon,,Age 38,"East Setauket, NY",317,https://runsignup.com/Race/Results/131115/IndividualResult/gTcd?resultSetId=482363#U87899421
Individual Triathlon,,Age 32,"New York, NY",65,https://runsignup.com/Race/Results/131115/IndividualResult/gTcd?resultSetId=482363#U86403454
Individual Triathlon,,Age 35,"Bethpage, NY",84,https://runsignup.com/Race/Results/131115/IndividualResult/gTcd?resultSetId=482363#U87577783
Individual Triathlon,,Age 69,"Great Neck, NY",226,https://runsignup.com/Race/Results/131115/IndividualResult/gTcd?resultSetId=482363#U23443743
Individual Triathlon,,Age 54,"Glen Head, NY",247,https://runsignup.com/Race/Results/131115/IndividualResult/gTcd?resultSetId=482363#U52104690
Individual Triathlon,,Age 34,"West Babylon, NY",303,https://runsignup.com/Race/Results/131115/IndividualResult/gTcd?resultSetId=482363#U76884969
Individual Triathlon,,Age 70,"New York, NY",454,https://runsignup.com/Race/Results/131115/IndividualResult/gTcd?resultSetId=482363#U49904959
Individual Triathlon,,Age 34,"Levittown, NY",245,https://runsignup.com/Race/Results/131115/IndividualResult/gTcd?resultSetId=482363#U77212508
Individual Triathlon,,Age 61,,205,https://runsignup.com/Race/Results/131115/IndividualResult/gTcd?resultSetId=482363#U18694623
Individual Triathlon,,Age 16,"Huntington Station, NY",259,https://runsignup.com/Race/Results/131115/IndividualResult/gTcd?resultSetId=482363#U23094617
Individual Triathlon,,Age 54,"Sea Cliff, NY",172,https://runsignup.com/Race/Results/131115/IndividualResult/gTcd?resultSetId=482363#U20431734
Individual Triathlon,,Age 17,"Melville, NY",258,https://runsignup.com/Race/Results/131115/IndividualResult/gTcd?resultSetId=482363#U90801943
Individual Triathlon,,Age 50,"Oyster Bay, NY",153,https://runsignup.com/Race/Results/131115/IndividualResult/gTcd?resultSetId=482363#U19071423
Individual Triathlon,,Age 66,"Merrick, NY",222,https://runsignup.com/Race/Results/131115/IndividualResult/gTcd?resultSetId=482363#U19772731
Individual Triathlon,,Age 66,"Oyster Bay, NY",217,https://runsignup.com/Race/Results/131115/IndividualResult/gTcd?resultSetId=482363#U20402652
Individual Triathlon,,Age 48,"Great Neck, NY",146,https://runsignup.com/Race/Results/131115/IndividualResult/gTcd?resultSetId=482363#U80604859
Individual Triathlon,,Age 25,"New Britain, CT",42,https://runsignup.com/Race/Results/131115/IndividualResult/gTcd?resultSetId=482363#U89323020
Individual Triathlon,,Age 37,"Bethpage, NY",91,https://runsignup.com/Race/Results/131115/IndividualResult/gTcd?resultSetId=482363#U78292222
Individual Triathlon,,Age 27,"Huntington, NY",47,https://runsignup.com/Race/Results/131115/IndividualResult/gTcd?resultSetId=482363#U83211912
Individual Triathlon,,Age 24,"Flushing, NY",266,https://runsignup.com/Race/Results/131115/IndividualResult/gTcd?resultSetId=482363#U88269924
Individual Triathlon,,Age 23,"Rockville, MD",264,https://runsignup.com/Race/Results/131115/IndividualResult/gTcd?resultSetId=482363#U89257317
Individual Triathlon,,Age 43,"Miami, FL",115,https://runsignup.com/Race/Results/131115/IndividualResult/gTcd?resultSetId=482363#U61709063
Individual Triathlon,,Age 43,,127,https://runsignup.com/Race/Results/131115/IndividualResult/gTcd?resultSetId=482363#U35554403
Individual Triathlon,,Age 53,"Glen Rock, NJ",165,https://runsignup.com/Race/Results/131115/IndividualResult/gTcd?resultSetId=482363#U8471036
Individual Triathlon,,Age 34,"West Babylon, NY",300,https://runsignup.com/Race/Results/131115/IndividualResult/gTcd?resultSetId=482363#U85616967
Individual Triathlon,,Age 68,"Great Neck, NY",494,https://runsignup.com/Race/Results/131115/IndividualResult/gTcd?resultSetId=482363#U8935190
Individual Triathlon,,Age 28,"Buffalo, NY",407,https://runsignup.com/Race/Results/131115/IndividualResult/gTcd?resultSetId=482363#U90993730
Individual Triathlon,,Age 72,"Babylon, NY",236,https://runsignup.com/Race/Results/131115/IndividualResult/gTcd?resultSetId=482363#U17438474
Individual Triathlon,,Age 53,"Baldwin, NY",348,https://runsignup.com/Race/Results/131115/IndividualResult/gTcd?resultSetId=482363#U10657988
Individual Triathlon,,Age 50,"COMMACK, NY",393,https://runsignup.com/Race/Results/131115/IndividualResult/gTcd?resultSetId=482363#U68976532
Individual Triathlon,,Age 33,"Huntington, NY",299,https://runsignup.com/Race/Results/131115/IndividualResult/gTcd?resultSetId=482363#U78387404
Individual Triathlon,,Age 67,"Port Washington, NY",225,https://runsignup.com/Race/Results/131115/IndividualResult/gTcd?resultSetId=482363#U35732596
Individual Triathlon,,Age 64,"Port Washington, NY",215,https://runsignup.com/Race/Results/131115/IndividualResult/gTcd?resultSetId=482363#U71224328
Individual Triathlon,,Age 42,"Brooklyn, NY",114,https://runsignup.com/Race/Results/131115/IndividualResult/gTcd?resultSetId=482363#U35761227
Individual Triathlon,,Age 40,"Brooklyn, NY",104,https://runsignup.com/Race/Results/131115/IndividualResult/gTcd?resultSetId=482363#U18025882
Individual Triathlon,,Age 44,"Saint James, NY",483,https://runsignup.com/Race/Results/131115/IndividualResult/gTcd?resultSetId=482363#U78681876
Individual Triathlon,,Age 60,"Merrick, NY",361,https://runsignup.com/Race/Results/131115/IndividualResult/gTcd?resultSetId=482363#U16307278
Individual Triathlon,,Age 68,"New York, NY",399,https://runsignup.com/Race/Results/131115/IndividualResult/gTcd?resultSetId=482363#U24349436
Individual Triathlon,,Age 34,"Massapequa Park, NY",76,https://runsignup.com/Race/Results/131115/IndividualResult/gTcd?resultSetId=482363#U89534794
Individual Triathlon,,Age 49,"Queens Village, NY",437,https://runsignup.com/Race/Results/131115/IndividualResult/gTcd?resultSetId=482363#U28587843
Individual Triathlon,,Age 61,"West Islip, NY",458,https://runsignup.com/Race/Results/131115/IndividualResult/gTcd?resultSetId=482363#U14302624
Individual Triathlon,,,,395,https://runsignup.com/Race/Results/131115/IndividualResult/gTcd?resultSetId=482363#U91163740
Individual Triathlon,,Age 32,"Port Jefferson Station, NY",427,https://runsignup.com/Race/Results/131115/IndividualResult/gTcd?resultSetId=482363#U54329200
Individual Triathlon,,Age 28,"East Meadow, NY",280,https://runsignup.com/Race/Results/131115/IndividualResult/gTcd?resultSetId=482363#U89786762
Individual Triathlon,,Age 26,"New YorkNew York, NY",387,https://runsignup.com/Race/Results/131115/IndividualResult/gTcd?resultSetId=482363#U78828979
Individual Triathlon,,Age 47,"Alexandria, VA",137,https://runsignup.com/Race/Results/131115/IndividualResult/gTcd?resultSetId=482363#U19831602
Individual Triathlon,,Age 53,"Syosset, NY",347,https://runsignup.com/Race/Results/131115/IndividualResult/gTcd?resultSetId=482363#U24590360
Individual Triathlon,,Age 41,"Brooklyn, NY",378,https://runsignup.com/Race/Results/131115/IndividualResult/gTcd?resultSetId=482363#U11229983
Individual Triathlon,,Age 67,"Cold Spring Harbor, NY",248,https://runsignup.com/Race/Results/131115/IndividualResult/gTcd?resultSetId=482363#U37271723
Individual Triathlon,,Age 61,"New York, NY",450,https://runsignup.com/Race/Results/131115/IndividualResult/gTcd?resultSetId=482363#U91004116
Individual Triathlon,,Age 66,"Lindenhurst, NY",372,https://runsignup.com/Race/Results/131115/IndividualResult/gTcd?resultSetId=482363#U4141235
Individual Triathlon,,Age 71,"Commack, NY",234,https://runsignup.com/Race/Results/131115/IndividualResult/gTcd?resultSetId=482363#U12381701
Individual Triathlon,,Age 17,"Muttontown, NY",24,https://runsignup.com/Race/Results/131115/IndividualResult/gTcd?resultSetId=482363#U62893517
Individual Triathlon,,Age 30,"Brooklyn, NY",382,https://runsignup.com/Race/Results/131115/IndividualResult/gTcd?resultSetId=482363#U89160986
Individual Triathlon,,Age 15,"Plainview, NY",257,https://runsignup.com/Race/Results/131115/IndividualResult/gTcd?resultSetId=482363#U31038967
Individual Triathlon,,Age 24,"New York, NY",482,https://runsignup.com/Race/Results/131115/IndividualResult/gTcd?resultSetId=482363#U91072711
Individual Triathlon,,Age 33,"Huntington Station, NY",66,https://runsignup.com/Race/Results/131115/IndividualResult/gTcd?resultSetId=482363#U70442813
Individual Triathlon,,Age 32,"New York, NY",297,https://runsignup.com/Race/Results/131115/IndividualResult/gTcd?resultSetId=482363#U19442798
Individual Triathlon,,Age 50,"Floral Park, NY",160,https://runsignup.com/Race/Results/131115/IndividualResult/gTcd?resultSetId=482363#U17886424
Individual Triathlon,,Age 26,"Lynbrook, NY",472,https://runsignup.com/Race/Results/131115/IndividualResult/gTcd?resultSetId=482363#U53889846
Individual Triathlon,,Age 41,"Rego Park, NY",321,https://runsignup.com/Race/Results/131115/IndividualResult/gTcd?resultSetId=482363#U11089252
Individual Triathlon,,Age 55,"Shoreham, NY",355,https://runsignup.com/Race/Results/131115/IndividualResult/gTcd?resultSetId=482363#U51236786
Individual Triathlon,,Age 40,"Huntington, NY",240,https://runsignup.com/Race/Results/131115/IndividualResult/gTcd?resultSetId=482363#U19137595
Individual Triathlon,,Age 42,"Farmingdale, NY",328,https://runsignup.com/Race/Results/131115/IndividualResult/gTcd?resultSetId=482363#U78247340
Individual Triathlon,,Age 41,"Pleasant Valley, NY",108,https://runsignup.com/Race/Results/131115/IndividualResult/gTcd?resultSetId=482363#U57744739
Individual Triathlon,,Age 29,"New York, NY",52,https://runsignup.com/Race/Results/131115/IndividualResult/gTcd?resultSetId=482363#U89527783
Individual Triathlon,,Age 63,"Rockville Centre, NY",451,https://runsignup.com/Race/Results/131115/IndividualResult/gTcd?resultSetId=482363#U81035490
Individual Triathlon,,Age 55,"Bayville, NY",353,https://runsignup.com/Race/Results/131115/IndividualResult/gTcd?resultSetId=482363#U20421295
Individual Triathlon,,Age 57,"Rockville Centre, NY",187,https://runsignup.com/Race/Results/131115/IndividualResult/gTcd?resultSetId=482363#U29243688
Individual Triathlon,,Age 22,"Brightwaters, NY",263,https://runsignup.com/Race/Results/131115/IndividualResult/gTcd?resultSetId=482363#U49334372
Individual Triathlon,,Age 59,"Port Washington, NY",479,https://runsignup.com/Race/Results/131115/IndividualResult/gTcd?resultSetId=482363#U12993655
Individual Triathlon,,Age 38,"Northport, NY",313,https://runsignup.com/Race/Results/131115/IndividualResult/gTcd?resultSetId=482363#U83110156
Individual Triathlon,,Age 14,"East Norwich, NY",253,https://runsignup.com/Race/Results/131115/IndividualResult/gTcd?resultSetId=482363#U90727395
Individual Triathlon,,Age 27,"Great Neck, NY",277,https://runsignup.com/Race/Results/131115/IndividualResult/gTcd?resultSetId=482363#U87857845
Individual Triathlon,,Age 48,"Oyster Bay, NY",145,https://runsignup.com/Race/Results/131115/IndividualResult/gTcd?resultSetId=482363#U89515001
Individual Triathlon,,Age 57,"Baiting Hollow, NY",191,https://runsignup.com/Race/Results/131115/IndividualResult/gTcd?resultSetId=482363#U32732939
Individual Triathlon,,Age 28,"Cold Spring Harbor, NY",282,https://runsignup.com/Race/Results/131115/IndividualResult/gTcd?resultSetId=482363#U34633549
Individual Triathlon,,Age 43,"Huntington, NY",125,https://runsignup.com/Race/Results/131115/IndividualResult/gTcd?resultSetId=482363#U88732212
Individual Triathlon,,Age 27,"Bellerose, NY",404,https://runsignup.com/Race/Results/131115/IndividualResult/gTcd?resultSetId=482363#U91026745
Individual Triathlon,,Age 41,"Floral Park, NY",112,https://runsignup.com/Race/Results/131115/IndividualResult/gTcd?resultSetId=482363#U7654325
Individual Triathlon,,Age 58,"Glen Head, NY",190,https://runsignup.com/Race/Results/131115/IndividualResult/gTcd?resultSetId=482363#U19005156
Individual Triathlon,,Age 42,"Wantagh, NY",432,https://runsignup.com/Race/Results/131115/IndividualResult/gTcd?resultSetId=482363#U18200100
Individual Triathlon,,Age 49,"Huntington, NY",461,https://runsignup.com/Race/Results/131115/IndividualResult/gTcd?resultSetId=482363#U51355829
Individual Triathlon,,Age 61,"Port Washington, NY",365,https://runsignup.com/Race/Results/131115/IndividualResult/gTcd?resultSetId=482363#U21971179
Individual Triathlon,,Age 50,"East Norwich, NY",161,https://runsignup.com/Race/Results/131115/IndividualResult/gTcd?resultSetId=482363#U20640788
Individual Triathlon,,Age 66,"Huntington, NY",221,https://runsignup.com/Race/Results/131115/IndividualResult/gTcd?resultSetId=482363#U82673326
Individual Triathlon,,Age 48,"East Norwich, NY",141,https://runsignup.com/Race/Results/131115/IndividualResult/gTcd?resultSetId=482363#U90727394
Individual Triathlon,,Age 22,"Plainview, NY",262,https://runsignup.com/Race/Results/131115/IndividualResult/gTcd?resultSetId=482363#U87811246
Individual Triathlon,,Age 56,"New York, NY",185,https://runsignup.com/Race/Results/131115/IndividualResult/gTcd?resultSetId=482363#U46419359
Individual Triathlon,,Age 30,"Whitestone, NY",474,https://runsignup.com/Race/Results/131115/IndividualResult/gTcd?resultSetId=482363#U62962823
Individual Triathlon,,Age 54,"Shirley, NY",178,https://runsignup.com/Race/Results/131115/IndividualResult/gTcd?resultSetId=482363#U10042637
Individual Triathlon,,Age 54,"Greenlawn, NY",349,https://runsignup.com/Race/Results/131115/IndividualResult/gTcd?resultSetId=482363#U19123137
Individual Triathlon,,Age 60,"East Norwich, NY",459,https://runsignup.com/Race/Results/131115/IndividualResult/gTcd?resultSetId=482363#U51976394
Individual Triathlon,,Age 61,"East Islip, NY",367,https://runsignup.com/Race/Results/131115/IndividualResult/gTcd?resultSetId=482363#U10010948
Individual Triathlon,,Age 53,"Woodhaven, NY",166,https://runsignup.com/Race/Results/131115/IndividualResult/gTcd?resultSetId=482363#U5855684
Individual Triathlon,,Age 51,"East Setauket, NY",163,https://runsignup.com/Race/Results/131115/IndividualResult/gTcd?resultSetId=482363#U89382418
Individual Triathlon,,Age 60,"Huntington, NY",364,https://runsignup.com/Race/Results/131115/IndividualResult/gTcd?resultSetId=482363#U84279750
Individual Triathlon,,Age 40,"Massapequa, NY",456,https://runsignup.com/Race/Results/131115/IndividualResult/gTcd?resultSetId=482363#U91006135
Individual Triathlon,,Age 29,"Massapequa Park, NY",51,https://runsignup.com/Race/Results/131115/IndividualResult/gTcd?resultSetId=482363#U61473956
Individual Triathlon,,Age 40,"Sea Cliff, NY",109,https://runsignup.com/Race/Results/131115/IndividualResult/gTcd?resultSetId=482363#U23189909
Individual Triathlon,,Age 45,"Ridge, NY",383,https://runsignup.com/Race/Results/131115/IndividualResult/gTcd?resultSetId=482363#U7972073
Individual Triathlon,,Age 46,"Huntington, NY",486,https://runsignup.com/Race/Results/131115/IndividualResult/gTcd?resultSetId=482363#U91100496
Individual Triathlon,,Age 19,"Oyster Bay, NY",26,https://runsignup.com/Race/Results/131115/IndividualResult/gTcd?resultSetId=482363#U90635253
Individual Triathlon,,Age 52,"Oyster Bay, NY",246,https://runsignup.com/Race/Results/131115/IndividualResult/gTcd?resultSetId=482363#U90954994
Individual Triathlon,,Age 55,"Rockville Centre, NY",443,https://runsignup.com/Race/Results/131115/IndividualResult/gTcd?resultSetId=482363#U33821325
Individual Triathlon,,Age 65,"Patchogue, NY",219,https://runsignup.com/Race/Results/131115/IndividualResult/gTcd?resultSetId=482363#U9863749
Individual Triathlon,,Age 40,"Massapequa, NY",319,https://runsignup.com/Race/Results/131115/IndividualResult/gTcd?resultSetId=482363#U33946296
Individual Triathlon,,Age 37,"Brooklyn, NY",311,https://runsignup.com/Race/Results/131115/IndividualResult/gTcd?resultSetId=482363#U55962664
Individual Triathlon,,Age 45,,336,https://runsignup.com/Race/Results/131115/IndividualResult/gTcd?resultSetId=482363#U4275617
Individual Triathlon,,Age 25,"Brooklyn, NY",272,https://runsignup.com/Race/Results/131115/IndividualResult/gTcd?resultSetId=482363#U89174044
Individual Triathlon,,Age 57,"Manhasset, NY",465,https://runsignup.com/Race/Results/131115/IndividualResult/gTcd?resultSetId=482363#U15759774
Individual Triathlon,,Age 29,"Baldwin, NY",376,https://runsignup.com/Race/Results/131115/IndividualResult/gTcd?resultSetId=482363#U87765768
Individual Triathlon,,Age 32,"Port Washington, NY",463,https://runsignup.com/Race/Results/131115/IndividualResult/gTcd?resultSetId=482363#U22656259
Individual Triathlon,,Age 41,,113,https://runsignup.com/Race/Results/131115/IndividualResult/gTcd?resultSetId=482363#U65586469
Individual Triathlon,,Age 49,"Bellmore, NY",148,https://runsignup.com/Race/Results/131115/IndividualResult/gTcd?resultSetId=482363#U90627108
Individual Triathlon,,Age 57,"Hicksville, NY",356,https://runsignup.com/Race/Results/131115/IndividualResult/gTcd?resultSetId=482363#U26760815
Individual Triathlon,,Age 51,"Scarsdale, NY",162,https://runsignup.com/Race/Results/131115/IndividualResult/gTcd?resultSetId=482363#U71974361
Individual Triathlon,,Age 34,"East Norwich, NY",80,https://runsignup.com/Race/Results/131115/IndividualResult/gTcd?resultSetId=482363#U88018886
Individual Triathlon,,Age 62,"Shoreham, NY",366,https://runsignup.com/Race/Results/131115/IndividualResult/gTcd?resultSetId=482363#U26082530
Individual Triathlon,,Age 70,"Oyster Bay, NY",229,https://runsignup.com/Race/Results/131115/IndividualResult/gTcd?resultSetId=482363#U90684880
Individual Triathlon,,Age 27,"Albertson, NY",273,https://runsignup.com/Race/Results/131115/IndividualResult/gTcd?resultSetId=482363#U90377014
Individual Triathlon,,Age 23,"Bellmore, NY",268,https://runsignup.com/Race/Results/131115/IndividualResult/gTcd?resultSetId=482363#U82758427
Individual Triathlon,,Age 54,"Bethpage, NY",350,https://runsignup.com/Race/Results/131115/IndividualResult/gTcd?resultSetId=482363#U89334178
Individual Triathlon,,Age 58,,193,https://runsignup.com/Race/Results/131115/IndividualResult/gTcd?resultSetId=482363#U20106443
Individual Triathlon,,Age 65,"Huntington, NY",462,https://runsignup.com/Race/Results/131115/IndividualResult/gTcd?resultSetId=482363#U91045953
Individual Triathlon,,Age 50,"Seaford, NY",155,https://runsignup.com/Race/Results/131115/IndividualResult/gTcd?resultSetId=482363#U66153354
Individual Triathlon,,Age 50,"Syosset, NY",342,https://runsignup.com/Race/Results/131115/IndividualResult/gTcd?resultSetId=482363#U17582933
Individual Triathlon,,Age 58,"Bethpage, NY",242,https://runsignup.com/Race/Results/131115/IndividualResult/gTcd?resultSetId=482363#U14328928
Individual Triathlon,,Age 47,"Briarcliff Manor, NY",392,https://runsignup.com/Race/Results/131115/IndividualResult/gTcd?resultSetId=482363#U46262771
Individual Triathlon,,Age 43,"Woodhaven, NY",377,https://runsignup.com/Race/Results/131115/IndividualResult/gTcd?resultSetId=482363#U26745241
Individual Triathlon,,Age 45,"Oyster Bay, NY",334,https://runsignup.com/Race/Results/131115/IndividualResult/gTcd?resultSetId=482363#U17900939
Individual Triathlon,,Age 16,"East Islip, NY",22,https://runsignup.com/Race/Results/131115/IndividualResult/gTcd?resultSetId=482363#U87198516
Individual Triathlon,,Age 17,"Glen Head, NY",25,https://runsignup.com/Race/Results/131115/IndividualResult/gTcd?resultSetId=482363#U89313651
Individual Triathlon,,Age 14,"Oyster Bay, NY",19,https://runsignup.com/Race/Results/131115/IndividualResult/gTcd?resultSetId=482363#U37011326
Individual Triathlon,,Age 70,"Syosset, NY",231,https://runsignup.com/Race/Results/131115/IndividualResult/gTcd?resultSetId=482363#U16308715
Individual Triathlon,,Age 32,"New Hyde Park, NY",293,https://runsignup.com/Race/Results/131115/IndividualResult/gTcd?resultSetId=482363#U89137755
Individual Triathlon,,Age 46,"Oyster Bay, NY",135,https://runsignup.com/Race/Results/131115/IndividualResult/gTcd?resultSetId=482363#U37010933
Individual Triathlon,,Age 42,"Old Westbury, NY",325,https://runsignup.com/Race/Results/131115/IndividualResult/gTcd?resultSetId=482363#U77308287
Individual Triathlon,,Age 44,"Dix Hills, NY",330,https://runsignup.com/Race/Results/131115/IndividualResult/gTcd?resultSetId=482363#U79237204
Individual Triathlon,,Age 68,"Wantagh, NY",375,https://runsignup.com/Race/Results/131115/IndividualResult/gTcd?resultSetId=482363#U20052177
Individual Triathlon,,Age 39,"Lindenhurst, NY",314,https://runsignup.com/Race/Results/131115/IndividualResult/gTcd?resultSetId=482363#U90928298
Individual Triathlon,,Age 66,"Englewood, NJ",453,https://runsignup.com/Race/Results/131115/IndividualResult/gTcd?resultSetId=482363#U91007820
Individual Triathlon,,Age 58,"Massapequa, NY",194,https://runsignup.com/Race/Results/131115/IndividualResult/gTcd?resultSetId=482363#U21753740
Individual Triathlon,,Age 62,"Baldwin, NY",208,https://runsignup.com/Race/Results/131115/IndividualResult/gTcd?resultSetId=482363#U90896567
Individual Triathlon,,Age 64,"Seaford, NY",212,https://runsignup.com/Race/Results/131115/IndividualResult/gTcd?resultSetId=482363#U11664992
Individual Triathlon,,Age 36,"Oceanside, NY",381,https://runsignup.com/Race/Results/131115/IndividualResult/gTcd?resultSetId=482363#U20738735
Individual Triathlon,,Age 41,"Huntington Station, NY",322,https://runsignup.com/Race/Results/131115/IndividualResult/gTcd?resultSetId=482363#U17956258
Individual Triathlon,,Age 73,"Wantagh, NY",237,https://runsignup.com/Race/Results/131115/IndividualResult/gTcd?resultSetId=482363#U83213025
Individual Triathlon,,Age 58,"East Islip, NY",196,https://runsignup.com/Race/Results/131115/IndividualResult/gTcd?resultSetId=482363#U12026527
Individual Triathlon,,Age 50,"Whitestone, NY",343,https://runsignup.com/Race/Results/131115/IndividualResult/gTcd?resultSetId=482363#U54415973
Individual Triathlon,,Age 45,"Nutley, NJ",337,https://runsignup.com/Race/Results/131115/IndividualResult/gTcd?resultSetId=482363#U19219336
Individual Triathlon,,Age 50,"New York, NY",493,https://runsignup.com/Race/Results/131115/IndividualResult/gTcd?resultSetId=482363#U53187266
Individual Triathlon,,Age 53,"Lindenhurst, NY",171,https://runsignup.com/Race/Results/131115/IndividualResult/gTcd?resultSetId=482363#U14610684
Individual Triathlon,,Age 47,"Lynbrook, NY",142,https://runsignup.com/Race/Results/131115/IndividualResult/gTcd?resultSetId=482363#U89342114
Individual Triathlon,,Age 71,"Plainview, NY",400,https://runsignup.com/Race/Results/131115/IndividualResult/gTcd?resultSetId=482363#U23388105
Individual Triathlon,,Age 51,"Bethpage, NY",438,https://runsignup.com/Race/Results/131115/IndividualResult/gTcd?resultSetId=482363#U28582863
Individual Triathlon,,Age 81,"Moriches, NY",426,https://runsignup.com/Race/Results/131115/IndividualResult/gTcd?resultSetId=482363#U50669732
Individual Triathlon,,Age 62,"Long Island City, NY",209,https://runsignup.com/Race/Results/131115/IndividualResult/gTcd?resultSetId=482363#U20030039
Individual Triathlon,,Age 51,"Massapequa, NY",439,https://runsignup.com/Race/Results/131115/IndividualResult/gTcd?resultSetId=482363#U91006134
Individual Triathlon,,Age 50,"Mineola, NY",394,https://runsignup.com/Race/Results/131115/IndividualResult/gTcd?resultSetId=482363#U9458960
